date,available_cash,frozen_cash,positions_value,total_value,positions
2025-01-02,1000000.0,0.0,0.0,1000000.0,{}
2025-01-03,691765.56,0.0,292842.0,984607.56,"{'603118.XSHG': {'total_amount': 30600, 'avg_cost': 10.07, 'price': np.float64(9.57)}}"
2025-01-06,996756.55,0.0,0.0,996756.55,{}
2025-01-07,697758.88,0.0,290016.0,987774.88,"{'002317.XSHE': {'total_amount': 22800, 'avg_cost': 13.11, 'price': np.float64(12.72)}}"
2025-01-08,697758.88,0.0,286596.0,984354.88,"{'002317.XSHE': {'total_amount': 22800, 'avg_cost': 13.11, 'price': np.float64(12.57)}}"
2025-01-09,977606.61,0.0,0.0,977606.61,{}
2025-01-10,977606.61,0.0,0.0,977606.61,{}
2025-01-13,977606.61,0.0,0.0,977606.61,{}
2025-01-14,977606.61,0.0,0.0,977606.61,{}
2025-01-15,672674.16,0.0,293468.0,966142.16,"{'002670.XSHE': {'total_amount': 22300, 'avg_cost': 13.67, 'price': np.float64(13.16)}}"
2025-01-16,336090.22000000003,0.0,657238.0,993328.22,"{'002670.XSHE': {'total_amount': 22300, 'avg_cost': 13.67, 'price': np.float64(13.43)}, '001236.XSHE': {'total_amount': 34300, 'avg_cost': 9.81, 'price': np.float64(10.43)}}"
2025-01-17,657151.9400000001,0.0,324720.0,981871.9400000001,"{'002799.XSHE': {'total_amount': 39600, 'avg_cost': 8.47, 'price': np.float64(8.2)}}"
2025-01-20,342547.6900000001,0.0,672133.0000000001,1014680.6900000002,"{'600657.XSHG': {'total_amount': 142100, 'avg_cost': 4.62, 'price': np.float64(4.73)}}"
2025-01-21,1035094.2100000002,0.0,0.0,1035094.2100000002,{}
2025-01-22,1035094.2100000002,0.0,0.0,1035094.2100000002,{}
2025-01-23,1035094.2100000002,0.0,0.0,1035094.2100000002,{}
2025-01-24,1035094.2100000002,0.0,0.0,1035094.2100000002,{}
2025-01-27,1035094.2100000002,0.0,0.0,1035094.2100000002,{}
2025-02-05,1035094.2100000002,0.0,0.0,1035094.2100000002,{}
2025-02-06,712353.4200000002,0.0,340860.0,1053213.4200000002,"{'600633.XSHG': {'total_amount': 27600, 'avg_cost': 11.69, 'price': np.float64(12.35)}}"
2025-02-07,712353.4200000002,0.0,375084.0,1087437.4200000002,"{'600633.XSHG': {'total_amount': 27600, 'avg_cost': 11.69, 'price': np.float64(13.59)}}"
2025-02-10,103020.68000000017,0.0,1031580.0,1134600.6800000002,"{'600633.XSHG': {'total_amount': 27600, 'avg_cost': 11.69, 'price': np.float64(14.95)}, '002044.XSHE': {'total_amount': 54000, 'avg_cost': 5.1, 'price': np.float64(5.43)}, '600481.XSHG': {'total_amount': 53400, 'avg_cost': 6.25, 'price': np.float64(6.1)}}"
2025-02-11,698633.3700000001,0.0,454020.0,1152653.37,"{'600633.XSHG': {'total_amount': 27600, 'avg_cost': 11.69, 'price': np.float64(16.45)}}"
2025-02-12,432504.5600000001,0.0,787548.0,1220052.56,"{'600633.XSHG': {'total_amount': 27600, 'avg_cost': 11.69, 'price': np.float64(18.1)}, '000156.XSHE': {'total_amount': 30900, 'avg_cost': 8.61, 'price': np.float64(9.32)}}"
2025-02-13,1185082.9300000002,0.0,0.0,1185082.9300000002,{}
2025-02-14,1185082.9300000002,0.0,0.0,1185082.9300000002,{}
2025-02-17,816789.4800000001,0.0,361674.0,1178463.48,"{'000503.XSHE': {'total_amount': 28300, 'avg_cost': 13.01, 'price': np.float64(12.78)}}"
2025-02-18,437296.8100000001,0.0,694464.0,1131760.81,"{'000818.XSHE': {'total_amount': 8400, 'avg_cost': 36.2, 'price': np.float64(35.5)}, '002681.XSHE': {'total_amount': 45600, 'avg_cost': 9.0, 'price': np.float64(8.69)}}"
2025-02-19,826688.43,0.0,372578.0,1199266.4300000002,"{'000065.XSHE': {'total_amount': 31100, 'avg_cost': 11.37, 'price': np.float64(11.98)}}"
2025-02-20,465570.53,-5.820766091346741e-11,765936.0,1231506.53,"{'000516.XSHE': {'total_amount': 51300, 'avg_cost': 6.21, 'price': np.float64(6.64)}, '000818.XSHE': {'total_amount': 9900, 'avg_cost': 40.01, 'price': np.float64(42.96)}}"
2025-02-21,825876.53,-5.820766091346741e-11,405072.0,1230948.53,"{'600835.XSHG': {'total_amount': 17400, 'avg_cost': 21.38, 'price': np.float64(23.28)}}"
2025-02-24,473917.93000000005,0.0,745227.0,1219144.9300000002,"{'000581.XSHE': {'total_amount': 15700, 'avg_cost': 20.65, 'price': np.float64(21.35)}, '000887.XSHE': {'total_amount': 19600, 'avg_cost': 20.52, 'price': np.float64(20.92)}}"
2025-02-25,854673.3700000001,0.0,348300.0,1202973.37,"{'002051.XSHE': {'total_amount': 38700, 'avg_cost': 9.66, 'price': np.float64(9.0)}}"
2025-02-26,883183.77,0.0,339450.0,1222633.77,"{'603991.XSHG': {'total_amount': 5000, 'avg_cost': 63.23, 'price': np.float64(67.89)}}"
2025-02-27,459375.87000000005,-5.820766091346741e-11,752580.0,1211955.87,"{'603712.XSHG': {'total_amount': 18800, 'avg_cost': 19.43, 'price': np.float64(19.03)}, '000932.XSHE': {'total_amount': 79600, 'avg_cost': 4.99, 'price': np.float64(4.96)}}"
2025-02-28,833150.7000000002,-5.820766091346741e-11,341628.0,1174778.7000000002,"{'002042.XSHE': {'total_amount': 58800, 'avg_cost': 6.1, 'price': np.float64(5.81)}}"
2025-03-03,522204.8800000002,-1.1641532182693481e-10,672452.0,1194656.8800000001,"{'002167.XSHE': {'total_amount': 63800, 'avg_cost': 10.2, 'price': np.float64(10.54)}}"
2025-03-04,663518.1200000001,-1.3096723705530167e-10,491289.0,1154807.12,"{'601611.XSHG': {'total_amount': 40600, 'avg_cost': 8.9, 'price': np.float64(8.76)}, '000710.XSHE': {'total_amount': 8700, 'avg_cost': 14.2, 'price': np.float64(15.59)}}"
2025-03-05,664020.3900000001,-1.1641532182693481e-10,486164.0,1150184.3900000001,"{'002265.XSHE': {'total_amount': 19400, 'avg_cost': 25.71, 'price': np.float64(25.06)}}"
2025-03-06,1152071.09,-1.1641532182693481e-10,0.0,1152071.09,{}
2025-03-07,-3655.5199999999604,-2.3283064365386963e-10,1134085.0,1130429.48,"{'600133.XSHG': {'total_amount': 33300, 'avg_cost': 10.62, 'price': np.float64(10.54)}, '603118.XSHG': {'total_amount': 60100, 'avg_cost': 13.34, 'price': np.float64(13.03)}}"
2025-03-10,771226.8200000001,-2.3283064365386963e-10,349650.0,1120876.82,"{'600133.XSHG': {'total_amount': 33300, 'avg_cost': 10.62, 'price': np.float64(10.5)}}"
2025-03-11,352387.95000000007,-1.7462298274040222e-10,784647.0,1137034.9500000002,"{'600288.XSHG': {'total_amount': 25300, 'avg_cost': 10.01, 'price': np.float64(10.19)}, '000818.XSHE': {'total_amount': 8200, 'avg_cost': 31.4, 'price': np.float64(31.5)}, '002795.XSHE': {'total_amount': 46300, 'avg_cost': 5.66, 'price': np.float64(5.8)}}"
2025-03-12,1158969.0300000003,-1.7462298274040222e-10,0.0,1158969.0300000003,{}
2025-03-13,-2120.1899999997113,-2.3283064365386963e-10,1167744.0,1165623.8100000003,"{'600399.XSHG': {'total_amount': 55300, 'avg_cost': 6.3, 'price': np.float64(6.52)}, '000409.XSHE': {'total_amount': 17500, 'avg_cost': 15.42, 'price': np.float64(15.5)}, '000815.XSHE': {'total_amount': 19100, 'avg_cost': 14.51, 'price': np.float64(13.13)}, '600610.XSHG': {'total_amount': 53500, 'avg_cost': 4.96, 'price': np.float64(5.33)}}"
2025-03-14,919525.1000000002,-2.3283064365386963e-10,275804.0,1195329.1,"{'000815.XSHE': {'total_amount': 19100, 'avg_cost': 14.51, 'price': np.float64(14.44)}}"
2025-03-17,13218.290000000154,-2.3283064365386963e-10,1202768.0,1215986.29,"{'000815.XSHE': {'total_amount': 19100, 'avg_cost': 14.51, 'price': np.float64(15.88)}, '002361.XSHE': {'total_amount': 131500, 'avg_cost': 6.89, 'price': np.float64(6.84)}}"
2025-03-18,322657.91000000015,-2.3283064365386963e-10,901513.0,1224170.9100000001,"{'002361.XSHE': {'total_amount': 131500, 'avg_cost': 6.89, 'price': np.float64(6.76)}, '001339.XSHE': {'total_amount': 100, 'avg_cost': 64.16, 'price': np.float64(62.73)}, '002115.XSHE': {'total_amount': 700, 'avg_cost': 9.02, 'price': np.float64(9.0)}}"
2025-03-19,4902.570000000155,-2.1827872842550278e-10,1237424.0,1242326.5700000003,"{'002361.XSHE': {'total_amount': 131500, 'avg_cost': 6.89, 'price': np.float64(6.98)}, '002115.XSHE': {'total_amount': 700, 'avg_cost': 9.02, 'price': np.float64(8.9)}, '603259.XSHG': {'total_amount': 1500, 'avg_cost': 69.69, 'price': np.float64(70.0)}, '000815.XSHE': {'total_amount': 6500, 'avg_cost': 17.05, 'price': np.float64(15.75)}, '603912.XSHG': {'total_amount': 10100, 'avg_cost': 10.74, 'price': np.float64(10.49)}}"
2025-03-20,1166566.2600000002,-2.1827872842550278e-10,100620.0,1267186.2600000002,"{'000815.XSHE': {'total_amount': 6500, 'avg_cost': 17.05, 'price': np.float64(15.48)}}"
2025-03-21,105235.80000000019,-4.0745362639427185e-10,1145294.0,1250529.8000000003,"{'002544.XSHE': {'total_amount': 31900, 'avg_cost': 24.43, 'price': np.float64(24.14)}, '601799.XSHG': {'total_amount': 2800, 'avg_cost': 136.53, 'price': np.float64(134.01)}}"
2025-03-24,1165226.5400000003,-4.0745362639427185e-10,97712.0,1262938.5400000003,"{'600960.XSHG': {'total_amount': 24800, 'avg_cost': 4.24, 'price': np.float64(3.94)}}"
2025-03-25,108320.89000000028,-3.4924596548080444e-10,1281456.0,1389776.8900000001,"{'603688.XSHG': {'total_amount': 12000, 'avg_cost': 32.37, 'price': np.float64(34.61)}, '002165.XSHE': {'total_amount': 143400, 'avg_cost': 5.35, 'price': np.float64(6.04)}}"
2025-03-26,1331925.7700000003,-3.41970007866621e-10,105562.0,1437487.7700000003,"{'002655.XSHE': {'total_amount': 2300, 'avg_cost': 15.43, 'price': np.float64(15.5)}, '000422.XSHE': {'total_amount': 2300, 'avg_cost': 15.81, 'price': np.float64(15.36)}, '000733.XSHE': {'total_amount': 600, 'avg_cost': 55.38, 'price': np.float64(57.64)}}"
2025-03-27,966100.0800000002,-3.4924596548080444e-10,461994.0,1428094.08,"{'000422.XSHE': {'total_amount': 2300, 'avg_cost': 15.81, 'price': np.float64(15.44)}, '002249.XSHE': {'total_amount': 57400, 'avg_cost': 7.6, 'price': np.float64(7.43)}}"
2025-03-28,59677.92000000023,-3.4924596548080444e-10,1456629.0,1516306.9200000002,"{'002249.XSHE': {'total_amount': 57400, 'avg_cost': 7.6, 'price': np.float64(7.56)}, '002535.XSHE': {'total_amount': 102100, 'avg_cost': 4.6, 'price': np.float64(4.82)}, '002923.XSHE': {'total_amount': 34700, 'avg_cost': 13.52, 'price': np.float64(15.29)}}"
2025-03-31,1366790.0000000002,-3.4924596548080444e-10,56730.0,1423520.0000000002,"{'000967.XSHE': {'total_amount': 9300, 'avg_cost': 6.34, 'price': np.float64(6.1)}}"
2025-04-01,64860.44000000028,-2.3283064365386963e-10,1364743.0,1429603.4400000002,"{'000025.XSHE': {'total_amount': 23600, 'avg_cost': 18.04, 'price': np.float64(17.9)}, '002062.XSHE': {'total_amount': 83400, 'avg_cost': 5.63, 'price': np.float64(5.71)}, '600533.XSHG': {'total_amount': 210900, 'avg_cost': 2.19, 'price': np.float64(2.21)}}"
2025-04-02,1374061.7400000005,-2.3283064365386963e-10,57993.0,1432054.7400000005,"{'002655.XSHE': {'total_amount': 3900, 'avg_cost': 16.09, 'price': np.float64(14.87)}}"
2025-04-03,103572.5000000007,-2.3283064365386963e-10,1511436.0,1615008.5000000007,"{'603169.XSHG': {'total_amount': 158100, 'avg_cost': 8.37, 'price': np.float64(9.56)}}"
2025-04-07,1579885.7900000007,-2.3283064365386963e-10,0.0,1579885.7900000007,{}
2025-04-08,1579885.7900000007,-2.3283064365386963e-10,0.0,1579885.7900000007,{}
2025-04-09,1579885.7900000007,-2.3283064365386963e-10,0.0,1579885.7900000007,{}
2025-04-10,1579885.7900000007,-2.3283064365386963e-10,0.0,1579885.7900000007,{}
2025-04-11,1579885.7900000007,-2.3283064365386963e-10,0.0,1579885.7900000007,{}
2025-04-14,-2837.8799999991315,-2.3283064365386963e-10,1600492.0,1597654.120000001,"{'000062.XSHE': {'total_amount': 20400, 'avg_cost': 24.02, 'price': np.float64(25.51)}, '002427.XSHE': {'total_amount': 97900, 'avg_cost': 5.71, 'price': np.float64(5.65)}, '001270.XSHE': {'total_amount': 16100, 'avg_cost': 33.12, 'price': np.float64(32.73)}}"
2025-04-15,1046693.9600000009,-2.3283064365386963e-10,535003.0,1581696.960000001,"{'001270.XSHE': {'total_amount': 16100, 'avg_cost': 33.12, 'price': np.float64(33.23)}}"
2025-04-16,1554310.200000001,-2.3283064365386963e-10,0.0,1554310.200000001,{}
2025-04-17,1554310.200000001,-2.3283064365386963e-10,0.0,1554310.200000001,{}
2025-04-18,776927.0600000009,-2.3283064365386963e-10,885950.9999999999,1662878.0600000008,"{'603002.XSHG': {'total_amount': 141300, 'avg_cost': 5.5, 'price': np.float64(6.27)}}"
2025-04-21,1673015.6300000008,-2.3283064365386963e-10,0.0,1673015.6300000008,{}
2025-04-22,1153377.7900000007,-2.3283064365386963e-10,512730.0,1666107.7900000007,"{'002182.XSHE': {'total_amount': 42200, 'avg_cost': 12.31, 'price': np.float64(12.15)}}"
2025-04-23,1153377.7900000007,-2.3283064365386963e-10,516528.0,1669905.7900000007,"{'002182.XSHE': {'total_amount': 42200, 'avg_cost': 12.31, 'price': np.float64(12.24)}}"
2025-04-24,1153377.7900000007,-2.3283064365386963e-10,502180.0,1655557.7900000007,"{'002182.XSHE': {'total_amount': 42200, 'avg_cost': 12.31, 'price': np.float64(11.9)}}"
2025-04-25,1153377.7900000007,-2.3283064365386963e-10,516528.0,1669905.7900000007,"{'002182.XSHE': {'total_amount': 42200, 'avg_cost': 12.31, 'price': np.float64(12.24)}}"
2025-04-28,1662491.0800000008,-2.3283064365386963e-10,0.0,1662491.0800000008,{}
2025-04-29,1163231.3500000008,-2.3283064365386963e-10,468325.0,1631556.3500000008,"{'600116.XSHG': {'total_amount': 65500, 'avg_cost': 7.62, 'price': np.float64(7.15)}}"
2025-04-30,1163231.3500000008,-2.3283064365386963e-10,480770.0,1644001.3500000008,"{'600116.XSHG': {'total_amount': 65500, 'avg_cost': 7.62, 'price': np.float64(7.34)}}"
2025-05-06,1630947.5300000007,-2.3283064365386963e-10,0.0,1630947.5300000007,{}
2025-05-07,1128056.710000001,-2.3283064365386963e-10,496860.0,1624916.710000001,"{'600392.XSHG': {'total_amount': 42000, 'avg_cost': 11.97, 'price': np.float64(11.83)}}"
2025-05-08,1633079.3300000008,-2.3283064365386963e-10,0.0,1633079.3300000008,{}
2025-05-09,1633079.3300000008,-2.3283064365386963e-10,0.0,1633079.3300000008,{}
2025-05-12,1128508.0000000007,-2.3283064365386963e-10,507149.99999999994,1635658.0000000007,"{'002074.XSHE': {'total_amount': 21000, 'avg_cost': 24.02, 'price': np.float64(24.15)}}"
2025-05-13,1128508.0000000007,-2.3283064365386963e-10,502530.0,1631038.0000000007,"{'002074.XSHE': {'total_amount': 21000, 'avg_cost': 24.02, 'price': np.float64(23.93)}}"
2025-05-14,1128508.0000000007,-2.3283064365386963e-10,500429.99999999994,1628938.0000000007,"{'002074.XSHE': {'total_amount': 21000, 'avg_cost': 24.02, 'price': np.float64(23.83)}}"
2025-05-15,1614864.9100000006,-2.3283064365386963e-10,0.0,1614864.9100000006,{}
2025-05-16,1101977.0900000005,-2.3283064365386963e-10,502516.0,1604493.0900000005,"{'002626.XSHE': {'total_amount': 26200, 'avg_cost': 19.57, 'price': np.float64(19.18)}}"
2025-05-19,1101977.0900000005,-2.3283064365386963e-10,491512.00000000006,1593489.0900000005,"{'002626.XSHE': {'total_amount': 26200, 'avg_cost': 19.57, 'price': np.float64(18.76)}}"
2025-05-20,1101977.0900000005,-2.3283064365386963e-10,501206.0,1603183.0900000005,"{'002626.XSHE': {'total_amount': 26200, 'avg_cost': 19.57, 'price': np.float64(19.13)}}"
2025-05-21,1101977.0900000005,-2.3283064365386963e-10,490463.99999999994,1592441.0900000005,"{'002626.XSHE': {'total_amount': 26200, 'avg_cost': 19.57, 'price': np.float64(18.72)}}"
2025-05-22,1583953.7100000007,-2.3283064365386963e-10,0.0,1583953.7100000007,{}
2025-05-23,1583953.7100000007,-2.3283064365386963e-10,0.0,1583953.7100000007,{}
2025-05-26,1583953.7100000007,-2.3283064365386963e-10,0.0,1583953.7100000007,{}
2025-05-27,1583953.7100000007,-2.3283064365386963e-10,0.0,1583953.7100000007,{}
2025-05-28,1583953.7100000007,-2.3283064365386963e-10,0.0,1583953.7100000007,{}
2025-05-29,1583953.7100000007,-2.3283064365386963e-10,0.0,1583953.7100000007,{}
2025-05-30,1106585.5400000007,-2.3283064365386963e-10,451773.0,1558358.5400000007,"{'000981.XSHE': {'total_amount': 212100, 'avg_cost': 2.25, 'price': np.float64(2.13)}}"
2025-06-03,1106585.5400000007,-2.3283064365386963e-10,451773.0,1558358.5400000007,"{'000981.XSHE': {'total_amount': 212100, 'avg_cost': 2.25, 'price': np.float64(2.13)}}"
2025-06-04,1106585.5400000007,-2.3283064365386963e-10,453894.0,1560479.5400000007,"{'000981.XSHE': {'total_amount': 212100, 'avg_cost': 2.25, 'price': np.float64(2.14)}}"
2025-06-05,1557771.2400000007,-2.3283064365386963e-10,0.0,1557771.2400000007,{}
2025-06-06,133690.15000000078,-5.820766091346741e-11,1352591.0,1486281.1500000008,"{'600601.XSHG': {'total_amount': 99000, 'avg_cost': 4.72, 'price': np.float64(4.65)}, '002115.XSHE': {'total_amount': 47700, 'avg_cost': 8.62, 'price': np.float64(8.45)}, '600178.XSHG': {'total_amount': 37600, 'avg_cost': 14.5, 'price': np.float64(13.01)}}"
2025-06-09,1497888.3800000008,-5.820766091346741e-11,0.0,1497888.3800000008,{}
2025-06-10,1497888.3800000008,-5.820766091346741e-11,0.0,1497888.3800000008,{}
2025-06-11,1497888.3800000008,-5.820766091346741e-11,0.0,1497888.3800000008,{}
2025-06-12,1045652.7500000008,-5.820766091346741e-11,443058.0,1488710.750000001,"{'002426.XSHE': {'total_amount': 150700, 'avg_cost': 3.0, 'price': np.float64(2.94)}}"
2025-06-13,581381.7600000009,-1.1641532182693481e-10,880278.0,1461659.760000001,"{'000403.XSHE': {'total_amount': 21000, 'avg_cost': 18.9, 'price': np.float64(18.23)}, '002366.XSHE': {'total_amount': 65800, 'avg_cost': 7.47, 'price': np.float64(7.56)}}"
2025-06-16,1020645.370000001,-1.1641532182693481e-10,457098.0,1477743.370000001,"{'603619.XSHG': {'total_amount': 21300, 'avg_cost': 21.0, 'price': np.float64(21.46)}}"
2025-06-17,608571.2500000009,-5.820766091346741e-11,886892.0,1495463.250000001,"{'000766.XSHE': {'total_amount': 13800, 'avg_cost': 27.61, 'price': np.float64(26.32)}, '002104.XSHE': {'total_amount': 35600, 'avg_cost': 13.73, 'price': np.float64(14.71)}}"
2025-06-18,920578.0400000009,-1.1641532182693481e-10,617402.0,1537980.040000001,"{'603086.XSHG': {'total_amount': 19300, 'avg_cost': 10.43, 'price': np.float64(10.02)}, '002213.XSHE': {'total_amount': 12300, 'avg_cost': 16.41, 'price': np.float64(18.12)}, '000407.XSHE': {'total_amount': 56500, 'avg_cost': 3.67, 'price': np.float64(3.56)}}"
2025-06-19,628595.2000000009,-1.1641532182693481e-10,850940.0,1479535.200000001,"{'000525.XSHE': {'total_amount': 108400, 'avg_cost': 8.32, 'price': np.float64(7.85)}}"
2025-06-20,821608.0700000009,-5.093170329928398e-11,597048.0,1418656.0700000008,"{'603533.XSHG': {'total_amount': 20100, 'avg_cost': 23.0, 'price': np.float64(21.2)}, '603215.XSHG': {'total_amount': 2900, 'avg_cost': 21.05, 'price': np.float64(19.02)}, '002017.XSHE': {'total_amount': 3600, 'avg_cost': 16.61, 'price': np.float64(15.64)}, '002769.XSHE': {'total_amount': 6600, 'avg_cost': 9.33, 'price': np.float64(9.01)}}"
2025-06-23,992331.8400000009,-5.093170329928398e-11,431547.0,1423878.8400000008,"{'603533.XSHG': {'total_amount': 20100, 'avg_cost': 23.0, 'price': np.float64(21.47)}}"
2025-06-24,415787.12000000087,0.0,1006688.0,1422475.1200000008,"{'600470.XSHG': {'total_amount': 52800, 'avg_cost': 6.25, 'price': np.float64(6.25)}, '002250.XSHE': {'total_amount': 25500, 'avg_cost': 13.29, 'price': np.float64(13.48)}, '002449.XSHE': {'total_amount': 32900, 'avg_cost': 10.18, 'price': np.float64(10.12)}}"
2025-06-25,1063885.490000001,0.0,328944.0,1392829.490000001,"{'600470.XSHG': {'total_amount': 52800, 'avg_cost': 6.25, 'price': np.float64(6.23)}}"
2025-06-26,-8609.159999999043,1.1641532182693481e-10,1378425.0,1369815.840000001,"{'600470.XSHG': {'total_amount': 52800, 'avg_cost': 6.25, 'price': np.float64(6.15)}, '600590.XSHG': {'total_amount': 29400, 'avg_cost': 9.81, 'price': np.float64(9.73)}, '002074.XSHE': {'total_amount': 23700, 'avg_cost': 33.07, 'price': np.float64(32.39)}}"
2025-06-27,315688.700000001,1.1641532182693481e-10,1043283.0,1358971.7000000011,"{'600590.XSHG': {'total_amount': 29400, 'avg_cost': 9.81, 'price': np.float64(9.44)}, '002074.XSHE': {'total_amount': 23700, 'avg_cost': 33.07, 'price': np.float64(32.31)}}"
2025-06-30,552.1900000009919,1.1641532182693481e-10,1367396.0,1367948.1900000009,"{'600590.XSHG': {'total_amount': 29400, 'avg_cost': 9.81, 'price': np.float64(9.77)}, '002074.XSHE': {'total_amount': 23700, 'avg_cost': 33.07, 'price': np.float64(32.46)}, '605319.XSHG': {'total_amount': 9100, 'avg_cost': 34.62, 'price': np.float64(34.16)}}"
2025-07-01,758913.040000001,1.1641532182693481e-10,588287.0,1347200.040000001,"{'600590.XSHG': {'total_amount': 29400, 'avg_cost': 9.81, 'price': np.float64(9.52)}, '605319.XSHG': {'total_amount': 9100, 'avg_cost': 34.62, 'price': np.float64(33.89)}}"
2025-07-02,578284.4700000011,1.1641532182693481e-10,794615.9999999999,1372900.4700000011,"{'001298.XSHE': {'total_amount': 22600, 'avg_cost': 33.3, 'price': np.float64(35.16)}}"
2025-07-03,1344557.0200000012,1.1641532182693481e-10,0.0,1344557.0200000012,{}
2025-07-04,-12896.089999998861,0.0,1331542.0,1318645.910000001,"{'002866.XSHE': {'total_amount': 21800, 'avg_cost': 20.31, 'price': np.float64(19.9)}, '002987.XSHE': {'total_amount': 21100, 'avg_cost': 22.52, 'price': np.float64(23.3)}, '002724.XSHE': {'total_amount': 51600, 'avg_cost': 8.51, 'price': np.float64(7.87)}}"
2025-07-07,812359.6900000011,0.0,540793.0,1353152.690000001,"{'002987.XSHE': {'total_amount': 21100, 'avg_cost': 22.52, 'price': np.float64(25.63)}}"
2025-07-08,530212.450000001,0.0,814875.0,1345087.4500000011,"{'001896.XSHE': {'total_amount': 75300, 'avg_cost': 5.62, 'price': np.float64(5.59)}, '002908.XSHE': {'total_amount': 35300, 'avg_cost': 11.22, 'price': np.float64(11.16)}}"
2025-07-09,842820.6700000011,2.9103830456733704e-11,526212.0,1369032.670000001,"{'605177.XSHG': {'total_amount': 9000, 'avg_cost': 19.25, 'price': np.float64(19.17)}, '002721.XSHE': {'total_amount': 37300, 'avg_cost': 4.63, 'price': np.float64(4.9)}, '002612.XSHE': {'total_amount': 9800, 'avg_cost': 17.81, 'price': np.float64(17.44)}}"
2025-07-10,785849.6000000011,5.820766091346741e-11,601690.0,1387539.600000001,"{'605177.XSHG': {'total_amount': 9000, 'avg_cost': 19.25, 'price': np.float64(19.21)}, '000987.XSHE': {'total_amount': 53600, 'avg_cost': 7.84, 'price': np.float64(8.0)}}"
2025-07-11,14473.260000001173,5.820766091346741e-11,1401516.0,1415989.2600000012,"{'605177.XSHG': {'total_amount': 9000, 'avg_cost': 19.25, 'price': np.float64(19.12)}, '000987.XSHE': {'total_amount': 53600, 'avg_cost': 7.84, 'price': np.float64(7.84)}, '000702.XSHE': {'total_amount': 50900, 'avg_cost': 7.67, 'price': np.float64(8.48)}, '002902.XSHE': {'total_amount': 18600, 'avg_cost': 20.47, 'price': np.float64(20.3)}}"
2025-07-14,573972.8300000011,5.820766091346741e-11,793426.0,1367398.830000001,"{'000987.XSHE': {'total_amount': 53600, 'avg_cost': 7.84, 'price': np.float64(7.5)}, '002902.XSHE': {'total_amount': 18600, 'avg_cost': 20.47, 'price': np.float64(20.39)}, '002657.XSHE': {'total_amount': 400, 'avg_cost': 32.91, 'price': np.float64(30.43)}}"
2025-07-15,805841.3500000013,1.1641532182693481e-10,566928.0,1372769.3500000013,"{'600281.XSHG': {'total_amount': 74400, 'avg_cost': 7.52, 'price': np.float64(7.62)}}"
2025-07-16,23414.690000001225,1.1641532182693481e-10,1377688.0,1401102.6900000013,"{'600281.XSHG': {'total_amount': 74400, 'avg_cost': 7.52, 'price': np.float64(7.29)}, '002553.XSHE': {'total_amount': 33200, 'avg_cost': 23.56, 'price': np.float64(25.16)}}"
2025-07-17,876441.6400000013,1.1641532182693481e-10,576072.0,1452513.6400000013,"{'600281.XSHG': {'total_amount': 74400, 'avg_cost': 7.52, 'price': np.float64(7.43)}, '603275.XSHG': {'total_amount': 400, 'avg_cost': 54.11, 'price': np.float64(58.2)}}"
2025-07-18,575748.1500000013,1.1641532182693481e-10,908011.0,1483759.1500000013,"{'001339.XSHE': {'total_amount': 8000, 'avg_cost': 57.01, 'price': np.float64(55.65)}, '601208.XSHG': {'total_amount': 15500, 'avg_cost': 15.04, 'price': np.float64(15.26)}, '001389.XSHE': {'total_amount': 3300, 'avg_cost': 67.1, 'price': np.float64(68.57)}}"
2025-07-21,463949.3700000014,5.820766091346741e-11,1017350.0,1481299.3700000015,"{'001339.XSHE': {'total_amount': 8000, 'avg_cost': 57.01, 'price': np.float64(53.96)}, '001359.XSHE': {'total_amount': 4300, 'avg_cost': 44.85, 'price': np.float64(48.84)}, '603657.XSHG': {'total_amount': 5800, 'avg_cost': 32.05, 'price': np.float64(31.25)}, '603041.XSHG': {'total_amount': 15200, 'avg_cost': 12.71, 'price': np.float64(12.79)}}"
2025-07-22,1279565.6900000013,5.820766091346741e-11,190912.0,1470477.6900000013,"{'603041.XSHG': {'total_amount': 15200, 'avg_cost': 12.71, 'price': np.float64(12.56)}}"
2025-07-23,143072.3900000013,5.820766091346741e-11,1294953.0,1438025.3900000013,"{'601101.XSHG': {'total_amount': 55900, 'avg_cost': 8.22, 'price': np.float64(7.79)}, '000657.XSHE': {'total_amount': 27400, 'avg_cost': 16.0, 'price': np.float64(16.18)}, '600711.XSHG': {'total_amount': 54400, 'avg_cost': 7.85, 'price': np.float64(7.65)}}"
2025-07-24,1446942.1500000013,5.820766091346741e-11,0.0,1446942.1500000013,{}
2025-07-25,-13149.74999999872,1.1641532182693481e-10,1373932.0,1360782.2500000014,"{'000712.XSHE': {'total_amount': 29200, 'avg_cost': 15.22, 'price': np.float64(14.71)}, '002266.XSHE': {'total_amount': 236100, 'avg_cost': 4.3, 'price': np.float64(4.0)}}"
2025-07-28,901727.3600000014,1.1641532182693481e-10,422232.0,1323959.3600000013,"{'000712.XSHE': {'total_amount': 29200, 'avg_cost': 15.22, 'price': np.float64(14.46)}}"
2025-07-29,5886.690000001399,5.820766091346741e-11,1321255.0,1327141.6900000013,"{'000712.XSHE': {'total_amount': 29200, 'avg_cost': 15.22, 'price': np.float64(14.91)}, '600343.XSHG': {'total_amount': 20200, 'avg_cost': 14.86, 'price': np.float64(14.86)}, '603528.XSHG': {'total_amount': 33200, 'avg_cost': 8.9, 'price': np.float64(8.78)}, '603848.XSHG': {'total_amount': 16300, 'avg_cost': 18.4, 'price': np.float64(18.05)}}"
2025-07-30,609.6900000013993,5.820766091346741e-11,1302275.0,1302884.6900000013,"{'000712.XSHE': {'total_amount': 29200, 'avg_cost': 15.22, 'price': np.float64(14.54)}, '600343.XSHG': {'total_amount': 20200, 'avg_cost': 14.86, 'price': np.float64(14.78)}, '603528.XSHG': {'total_amount': 33200, 'avg_cost': 8.9, 'price': np.float64(8.64)}, '603848.XSHG': {'total_amount': 16300, 'avg_cost': 18.4, 'price': np.float64(17.57)}, '002570.XSHE': {'total_amount': 800, 'avg_cost': 6.59, 'price': np.float64(7.39)}}"
2025-07-31,1298011.7200000014,5.820766091346741e-11,0.0,1298011.7200000014,{}
2025-08-01,-23275.54999999859,1.7462298274040222e-10,1310278.0,1287002.4500000014,"{'002203.XSHE': {'total_amount': 35500, 'avg_cost': 11.59, 'price': np.float64(11.9)}, '000070.XSHE': {'total_amount': 38400, 'avg_cost': 7.76, 'price': np.float64(7.4)}, '601869.XSHG': {'total_amount': 5900, 'avg_cost': 50.35, 'price': np.float64(50.73)}, '600588.XSHG': {'total_amount': 19300, 'avg_cost': 16.29, 'price': np.float64(15.77)}}"
2025-08-04,989365.2900000014,1.7462298274040222e-10,308607.0,1297972.2900000014,"{'600588.XSHG': {'total_amount': 19300, 'avg_cost': 16.29, 'price': np.float64(15.99)}}"
2025-08-05,-5811.16999999847,1.7462298274040222e-10,1293689.0,1287877.8300000015,"{'600588.XSHG': {'total_amount': 19300, 'avg_cost': 16.29, 'price': np.float64(15.71)}, '600161.XSHG': {'total_amount': 18600, 'avg_cost': 21.11, 'price': np.float64(21.06)}, '002026.XSHE': {'total_amount': 22200, 'avg_cost': 13.54, 'price': np.float64(13.42)}, '002484.XSHE': {'total_amount': 11400, 'avg_cost': 26.46, 'price': np.float64(26.39)}}"
2025-08-06,906834.8500000015,1.7462298274040222e-10,381858.0,1288692.8500000015,"{'600161.XSHG': {'total_amount': 18600, 'avg_cost': 21.11, 'price': np.float64(20.53)}}"
2025-08-07,388005.2500000015,1.1641532182693481e-10,877310.0,1265315.2500000014,"{'603811.XSHG': {'total_amount': 58100, 'avg_cost': 15.47, 'price': np.float64(15.1)}}"
2025-08-08,945699.1600000014,1.3096723705530167e-10,395182.0,1340881.1600000015,"{'002536.XSHE': {'total_amount': 6300, 'avg_cost': 20.0, 'price': np.float64(21.3)}, '002331.XSHE': {'total_amount': 14000, 'avg_cost': 9.01, 'price': np.float64(8.45)}, '603131.XSHG': {'total_amount': 6600, 'avg_cost': 19.88, 'price': np.float64(21.62)}}"
2025-08-11,281266.80000000156,0.0,1095650.0,1376916.8000000017,"{'002331.XSHE': {'total_amount': 14000, 'avg_cost': 9.01, 'price': np.float64(9.3)}, '600075.XSHG': {'total_amount': 84800, 'avg_cost': 4.92, 'price': np.float64(4.74)}, '002173.XSHE': {'total_amount': 15400, 'avg_cost': 17.49, 'price': np.float64(18.72)}, '603130.XSHG': {'total_amount': 6500, 'avg_cost': 39.98, 'price': np.float64(42.34)}}"
2025-08-12,714102.5600000016,0.0,696805.0,1410907.5600000015,"{'600075.XSHG': {'total_amount': 84800, 'avg_cost': 4.92, 'price': np.float64(4.86)}, '002364.XSHE': {'total_amount': 7600, 'avg_cost': 18.5, 'price': np.float64(18.99)}, '002174.XSHE': {'total_amount': 8900, 'avg_cost': 15.89, 'price': np.float64(15.77)}}"
2025-08-13,294777.66000000155,-2.9103830456733704e-11,1144442.0,1439219.6600000015,"{'600075.XSHG': {'total_amount': 84800, 'avg_cost': 4.92, 'price': np.float64(4.67)}, '000901.XSHE': {'total_amount': 12400, 'avg_cost': 19.16, 'price': np.float64(21.07)}, '603912.XSHG': {'total_amount': 23100, 'avg_cost': 10.14, 'price': np.float64(11.02)}, '002166.XSHE': {'total_amount': 27300, 'avg_cost': 8.57, 'price': np.float64(8.52)}}"
2025-08-14,1136879.2000000016,0.0,292188.0,1429067.2000000016,"{'600698.XSHG': {'total_amount': 10300, 'avg_cost': 14.19, 'price': np.float64(14.29)}, '601208.XSHG': {'total_amount': 8300, 'avg_cost': 18.36, 'price': np.float64(17.47)}}"
2025-08-15,278293.8800000015,5.820766091346741e-11,1230750.0,1509043.8800000015,"{'002549.XSHE': {'total_amount': 24900, 'avg_cost': 15.42, 'price': np.float64(16.68)}, '002201.XSHE': {'total_amount': 44400, 'avg_cost': 8.41, 'price': np.float64(8.96)}, '600255.XSHG': {'total_amount': 88100, 'avg_cost': 4.34, 'price': np.float64(4.74)}}"
2025-08-18,1231355.6900000013,5.820766091346741e-11,276290.0,1507645.6900000013,"{'603686.XSHG': {'total_amount': 7000, 'avg_cost': 20.3, 'price': np.float64(19.55)}, '002203.XSHE': {'total_amount': 10500, 'avg_cost': 13.61, 'price': np.float64(13.28)}}"
2025-08-19,1353323.6600000015,5.820766091346741e-11,154191.0,1507514.6600000015,"{'002182.XSHE': {'total_amount': 10300, 'avg_cost': 14.56, 'price': np.float64(14.97)}}"
2025-08-20,150681.85000000164,0.0,1353439.0,1504120.8500000015,"{'600557.XSHG': {'total_amount': 34100, 'avg_cost': 19.9, 'price': np.float64(19.53)}, '002421.XSHE': {'total_amount': 178100, 'avg_cost': 3.81, 'price': np.float64(3.86)}}"
2025-08-21,1302092.9400000016,1.4551915228366852e-11,136179.0,1438271.9400000016,"{'002272.XSHE': {'total_amount': 2600, 'avg_cost': 19.02, 'price': np.float64(17.25)}, '002131.XSHE': {'total_amount': 9900, 'avg_cost': 5.1, 'price': np.float64(4.71)}, '002815.XSHE': {'total_amount': 3000, 'avg_cost': 16.02, 'price': np.float64(14.9)}}"
2025-08-22,137076.49000000165,1.1641532182693481e-10,1338175.0,1475251.4900000016,"{'000063.XSHE': {'total_amount': 10100, 'avg_cost': 43.51, 'price': np.float64(46.55)}, '002056.XSHE': {'total_amount': 23800, 'avg_cost': 18.02, 'price': np.float64(18.12)}, '603688.XSHG': {'total_amount': 10200, 'avg_cost': 42.03, 'price': np.float64(42.82)}}"
2025-08-25,1487874.1600000015,1.1641532182693481e-10,0.0,1487874.1600000015,{}
2025-08-26,16797.970000001427,1.1641532182693481e-10,1584400.0,1601197.9700000014,"{'002091.XSHE': {'total_amount': 17700, 'avg_cost': 8.39, 'price': np.float64(8.52)}, '600797.XSHG': {'total_amount': 54700, 'avg_cost': 11.96, 'price': np.float64(12.73)}, '002272.XSHE': {'total_amount': 34500, 'avg_cost': 19.36, 'price': np.float64(21.37)}}"
2025-08-27,1380854.9400000013,1.1641532182693481e-10,161342.0,1542196.9400000013,"{'002091.XSHE': {'total_amount': 17700, 'avg_cost': 8.39, 'price': np.float64(8.18)}, '002658.XSHE': {'total_amount': 600, 'avg_cost': 8.53, 'price': np.float64(8.3)}, '603757.XSHG': {'total_amount': 100, 'avg_cost': 52.18, 'price': np.float64(57.26)}, '002811.XSHE': {'total_amount': 500, 'avg_cost': 12.24, 'price': np.float64(11.7)}}"
2025-08-28,1391677.1000000013,1.1641532182693481e-10,149497.0,1541174.1000000013,"{'002091.XSHE': {'total_amount': 17700, 'avg_cost': 8.39, 'price': np.float64(8.11)}, '002811.XSHE': {'total_amount': 500, 'avg_cost': 12.24, 'price': np.float64(11.9)}}"
2025-08-29,104051.29000000132,0.0,1468372.0,1572423.2900000014,"{'002829.XSHE': {'total_amount': 29200, 'avg_cost': 23.81, 'price': np.float64(24.04)}, '002115.XSHE': {'total_amount': 73200, 'avg_cost': 10.12, 'price': np.float64(10.47)}}"
2025-09-01,1473384.1500000013,-7.275957614183426e-12,108096.0,1581480.1500000013,"{'000892.XSHE': {'total_amount': 6600, 'avg_cost': 5.08, 'price': np.float64(5.38)}, '605188.XSHG': {'total_amount': 1900, 'avg_cost': 17.54, 'price': np.float64(19.86)}, '603569.XSHG': {'total_amount': 3700, 'avg_cost': 9.21, 'price': np.float64(9.42)}}"
2025-09-02,143408.80000000133,0.0,1392360.0,1535768.8000000012,"{'600797.XSHG': {'total_amount': 123000, 'avg_cost': 11.7, 'price': np.float64(11.32)}}"
2025-09-03,1373138.9900000014,-1.4551915228366852e-11,139848.0,1512986.9900000014,"{'002642.XSHE': {'total_amount': 5000, 'avg_cost': 9.41, 'price': np.float64(9.71)}, '603088.XSHG': {'total_amount': 4500, 'avg_cost': 10.21, 'price': np.float64(9.7)}, '600961.XSHG': {'total_amount': 3200, 'avg_cost': 15.04, 'price': np.float64(14.89)}}"
2025-09-04,1507603.9600000014,-1.4551915228366852e-11,0.0,1507603.9600000014,{}
2025-09-05,1507603.9600000014,-1.4551915228366852e-11,0.0,1507603.9600000014,{}
2025-09-08,1507603.9600000014,-1.4551915228366852e-11,0.0,1507603.9600000014,{}
2025-09-09,1507603.9600000014,-1.4551915228366852e-11,0.0,1507603.9600000014,{}
2025-09-10,1507603.9600000014,-1.4551915228366852e-11,0.0,1507603.9600000014,{}
2025-09-11,3551.8700000014505,0.0,1483066.0,1486617.8700000015,"{'603328.XSHG': {'total_amount': 38000, 'avg_cost': 12.29, 'price': np.float64(12.08)}, '605268.XSHG': {'total_amount': 31200, 'avg_cost': 11.02, 'price': np.float64(11.06)}, '000892.XSHE': {'total_amount': 55800, 'avg_cost': 6.21, 'price': np.float64(6.1)}, '600689.XSHG': {'total_amount': 21900, 'avg_cost': 15.81, 'price': np.float64(15.46)}}"
2025-09-12,340385.42000000144,0.0,1132654.0,1473039.4200000013,"{'603328.XSHG': {'total_amount': 38000, 'avg_cost': 12.29, 'price': np.float64(12.17)}, '000892.XSHE': {'total_amount': 55800, 'avg_cost': 6.21, 'price': np.float64(6.1)}, '600689.XSHG': {'total_amount': 21900, 'avg_cost': 15.81, 'price': np.float64(15.06)}}"
2025-09-15,988897.2500000014,0.0,454860.0,1443757.2500000014,"{'603328.XSHG': {'total_amount': 38000, 'avg_cost': 12.29, 'price': np.float64(11.97)}}"
2025-09-16,988897.2500000014,0.0,459800.0,1448697.2500000014,"{'603328.XSHG': {'total_amount': 38000, 'avg_cost': 12.29, 'price': np.float64(12.1)}}"
2025-09-17,1442786.4300000016,0.0,0.0,1442786.4300000016,{}
2025-09-18,1442786.4300000016,0.0,0.0,1442786.4300000016,{}
2025-09-19,1442786.4300000016,0.0,0.0,1442786.4300000016,{}
2025-09-22,1442786.4300000016,0.0,0.0,1442786.4300000016,{}
2025-09-23,1442786.4300000016,0.0,0.0,1442786.4300000016,{}
2025-09-24,20488.870000001567,0.0,1513180.0,1533668.8700000015,"{'600416.XSHG': {'total_amount': 26300, 'avg_cost': 16.41, 'price': np.float64(15.86)}, '002298.XSHE': {'total_amount': 44300, 'avg_cost': 11.19, 'price': np.float64(12.54)}, '002475.XSHE': {'total_amount': 7700, 'avg_cost': 64.23, 'price': np.float64(70.2)}}"
2025-09-25,935856.7900000014,0.0,629735.0,1565591.7900000014,"{'002298.XSHE': {'total_amount': 44300, 'avg_cost': 11.19, 'price': np.float64(13.79)}, '600637.XSHG': {'total_amount': 1000, 'avg_cost': 10.07, 'price': np.float64(9.87)}, '000685.XSHE': {'total_amount': 800, 'avg_cost': 11.95, 'price': np.float64(11.21)}}"
2025-09-26,597901.1000000015,-8.731149137020111e-11,948122.0,1546023.1000000015,"{'600556.XSHG': {'total_amount': 83800, 'avg_cost': 5.92, 'price': np.float64(5.66)}, '603090.XSHG': {'total_amount': 2800, 'avg_cost': 56.01, 'price': np.float64(59.94)}, '002837.XSHE': {'total_amount': 1800, 'avg_cost': 86.05, 'price': np.float64(79.8)}, '002564.XSHE': {'total_amount': 17400, 'avg_cost': 9.15, 'price': np.float64(9.33)}}"
2025-09-29,753210.9400000015,-8.731149137020111e-11,786708.0,1539918.9400000016,"{'600556.XSHG': {'total_amount': 83800, 'avg_cost': 5.92, 'price': np.float64(5.73)}, '002837.XSHE': {'total_amount': 1800, 'avg_cost': 86.05, 'price': np.float64(83.78)}, '002564.XSHE': {'total_amount': 17400, 'avg_cost': 9.15, 'price': np.float64(8.95)}}"
2025-09-30,315972.2300000014,-1.1641532182693481e-10,1243636.0,1559608.2300000014,"{'600556.XSHG': {'total_amount': 83800, 'avg_cost': 5.92, 'price': np.float64(5.62)}, '002121.XSHE': {'total_amount': 82200, 'avg_cost': 9.02, 'price': np.float64(9.4)}}"
2025-10-09,1253202.6400000015,-1.1641532182693481e-10,317599.0,1570801.6400000015,"{'002846.XSHE': {'total_amount': 8100, 'avg_cost': 19.73, 'price': np.float64(19.99)}, '002733.XSHE': {'total_amount': 7000, 'avg_cost': 22.7, 'price': np.float64(22.24)}}"
2025-10-10,153457.17000000147,-2.3283064365386963e-10,1424952.0,1578409.1700000013,"{'002733.XSHE': {'total_amount': 7000, 'avg_cost': 22.7, 'price': np.float64(21.9)}, '000777.XSHE': {'total_amount': 22300, 'avg_cost': 21.09, 'price': np.float64(21.45)}, '605020.XSHG': {'total_amount': 25900, 'avg_cost': 30.21, 'price': np.float64(30.63)}}"
2025-10-13,1428244.1400000015,-2.3283064365386963e-10,152904.0,1581148.1400000015,"{'600172.XSHG': {'total_amount': 27700, 'avg_cost': 5.31, 'price': np.float64(5.52)}}"
2025-10-14,148468.59000000157,-1.1641532182693481e-10,1433925.0,1582393.5900000017,"{'002701.XSHE': {'total_amount': 50500, 'avg_cost': 6.38, 'price': np.float64(6.37)}, '002957.XSHE': {'total_amount': 17800, 'avg_cost': 20.8, 'price': np.float64(20.4)}, '603130.XSHG': {'total_amount': 8000, 'avg_cost': 46.01, 'price': np.float64(48.4)}, '601126.XSHG': {'total_amount': 16000, 'avg_cost': 23.93, 'price': np.float64(22.62)}}"
2025-10-15,1093250.1900000016,-1.1641532182693481e-10,521568.0,1614818.1900000016,"{'002957.XSHE': {'total_amount': 17800, 'avg_cost': 20.8, 'price': np.float64(20.65)}, '002885.XSHE': {'total_amount': 2200, 'avg_cost': 21.46, 'price': np.float64(23.87)}, '002298.XSHE': {'total_amount': 3600, 'avg_cost': 14.04, 'price': np.float64(13.77)}, '600234.XSHG': {'total_amount': 4200, 'avg_cost': 11.59, 'price': np.float64(12.36)}}"
2025-10-16,458401.79000000155,-1.1641532182693481e-10,1192757.0,1651158.7900000014,"{'002885.XSHE': {'total_amount': 2200, 'avg_cost': 21.46, 'price': np.float64(26.26)}, '603626.XSHG': {'total_amount': 40200, 'avg_cost': 13.29, 'price': np.float64(13.28)}, '002208.XSHE': {'total_amount': 50900, 'avg_cost': 10.9, 'price': np.float64(11.81)}}"
2025-10-17,567716.7700000015,-1.1641532182693481e-10,1088941.0,1656657.7700000014,"{'002208.XSHE': {'total_amount': 50900, 'avg_cost': 10.9, 'price': np.float64(12.99)}, '003033.XSHE': {'total_amount': 5800, 'avg_cost': 78.64, 'price': np.float64(73.75)}}"
2025-10-20,1050689.7200000016,-1.1641532182693481e-10,562768.0,1613457.7200000016,"{'002004.XSHE': {'total_amount': 99200, 'avg_cost': 5.1, 'price': np.float64(4.92)}, '600748.XSHG': {'total_amount': 11200, 'avg_cost': 6.01, 'price': np.float64(6.67)}}"
2025-10-21,-2283.0799999983865,-2.9103830456733704e-10,1667922.0,1665638.9200000016,"{'002004.XSHE': {'total_amount': 99200, 'avg_cost': 5.1, 'price': np.float64(4.91)}, '600748.XSHG': {'total_amount': 11200, 'avg_cost': 6.01, 'price': np.float64(7.34)}, '000905.XSHE': {'total_amount': 35300, 'avg_cost': 9.79, 'price': np.float64(10.04)}, '002490.XSHE': {'total_amount': 49700, 'avg_cost': 7.18, 'price': np.float64(7.74)}, '603028.XSHG': {'total_amount': 42400, 'avg_cost': 8.26, 'price': np.float64(8.48)}}"
2025-10-22,439813.45000000164,-2.9103830456733704e-10,1265410.0,1705223.4500000016,"{'002004.XSHE': {'total_amount': 99200, 'avg_cost': 5.1, 'price': np.float64(5.08)}, '000905.XSHE': {'total_amount': 35300, 'avg_cost': 9.79, 'price': np.float64(9.59)}, '002490.XSHE': {'total_amount': 49700, 'avg_cost': 7.18, 'price': np.float64(8.51)}}"
2025-10-23,362822.16000000166,-2.9103830456733704e-10,1389672.0,1752494.1600000018,"{'002004.XSHE': {'total_amount': 99200, 'avg_cost': 5.1, 'price': np.float64(4.98)}, '002490.XSHE': {'total_amount': 49700, 'avg_cost': 7.18, 'price': np.float64(9.36)}, '002115.XSHE': {'total_amount': 35400, 'avg_cost': 12.14, 'price': np.float64(12.16)}}"
2025-10-24,1356314.4000000018,-2.9103830456733704e-10,326424.0,1682738.4000000018,"{'600172.XSHG': {'total_amount': 46900, 'avg_cost': 7.54, 'price': np.float64(6.96)}}"
2025-10-27,335372.0900000017,-4.656612873077393e-10,1377984.0,1713356.0900000017,"{'001379.XSHE': {'total_amount': 29100, 'avg_cost': 22.7, 'price': np.float64(22.94)}, '601611.XSHG': {'total_amount': 51000, 'avg_cost': 13.23, 'price': np.float64(13.93)}}"
2025-10-28,1399469.3200000017,-4.656612873077393e-10,327266.0,1726735.3200000017,"{'600801.XSHG': {'total_amount': 5000, 'avg_cost': 22.45, 'price': np.float64(21.77)}, '600513.XSHG': {'total_amount': 5400, 'avg_cost': 20.41, 'price': np.float64(20.49)}, '002138.XSHE': {'total_amount': 2600, 'avg_cost': 41.83, 'price': np.float64(41.45)}}"
2025-10-29,99028.61000000173,-4.656612873077393e-10,1614796.0,1713824.6100000017,"{'600801.XSHG': {'total_amount': 5000, 'avg_cost': 22.45, 'price': np.float64(21.77)}, '002138.XSHE': {'total_amount': 2600, 'avg_cost': 41.83, 'price': np.float64(40.65)}, '601326.XSHG': {'total_amount': 131100, 'avg_cost': 4.02, 'price': np.float64(3.84)}, '001287.XSHE': {'total_amount': 32400, 'avg_cost': 27.34, 'price': np.float64(27.68)}}"
2025-10-30,1040426.1900000017,-4.656612873077393e-10,729971.0,1770397.1900000018,"{'600801.XSHG': {'total_amount': 5000, 'avg_cost': 22.45, 'price': np.float64(21.37)}, '601326.XSHG': {'total_amount': 131100, 'avg_cost': 4.02, 'price': np.float64(3.93)}, '603232.XSHG': {'total_amount': 4200, 'avg_cost': 22.74, 'price': np.float64(25.69)}}"
2025-10-31,708340.4300000018,-5.238689482212067e-10,1047333.0,1755673.4300000018,"{'002044.XSHE': {'total_amount': 93300, 'avg_cost': 5.54, 'price': np.float64(5.63)}, '002386.XSHE': {'total_amount': 89700, 'avg_cost': 5.81, 'price': np.float64(5.82)}}"
2025-11-03,1049176.1900000018,-4.94765117764473e-10,778057.0,1827233.1900000018,"{'600637.XSHG': {'total_amount': 54200, 'avg_cost': 10.01, 'price': np.float64(10.67)}, '002163.XSHE': {'total_amount': 13900, 'avg_cost': 12.86, 'price': np.float64(14.37)}}"
2025-11-04,754821.7600000019,-5.238689482212067e-10,1113800.0,1868621.7600000019,"{'601929.XSHG': {'total_amount': 128800, 'avg_cost': 4.21, 'price': np.float64(4.48)}, '002555.XSHE': {'total_amount': 22900, 'avg_cost': 23.41, 'price': np.float64(23.44)}}"
2025-11-05,1149722.700000002,-5.820766091346741e-10,752460.0,1902182.700000002,"{'600897.XSHG': {'total_amount': 21000, 'avg_cost': 17.54, 'price': np.float64(17.28)}, '002112.XSHE': {'total_amount': 8700, 'avg_cost': 14.48, 'price': np.float64(16.01)}, '000777.XSHE': {'total_amount': 5200, 'avg_cost': 24.09, 'price': np.float64(23.84)}, '000892.XSHE': {'total_amount': 15500, 'avg_cost': 8.07, 'price': np.float64(8.15)}}"
2025-11-06,750573.8100000019,-6.984919309616089e-10,1263236.0,2013809.810000002,"{'600506.XSHG': {'total_amount': 44200, 'avg_cost': 25.68, 'price': np.float64(28.58)}}"
2025-11-07,1356585.9400000018,-7.275957614183426e-10,721584.0,2078169.9400000018,"{'000620.XSHE': {'total_amount': 74000, 'avg_cost': 3.44, 'price': np.float64(3.16)}, '603306.XSHG': {'total_amount': 4700, 'avg_cost': 52.3, 'price': np.float64(52.1)}, '000686.XSHE': {'total_amount': 26200, 'avg_cost': 9.42, 'price': np.float64(9.27)}}"
2025-11-10,493683.8600000018,-6.984919309616089e-10,1603099.0,2096782.8600000017,"{'603306.XSHG': {'total_amount': 4700, 'avg_cost': 52.3, 'price': np.float64(51.85)}, '002544.XSHE': {'total_amount': 15100, 'avg_cost': 28.79, 'price': np.float64(27.42)}, '002513.XSHE': {'total_amount': 106700, 'avg_cost': 8.85, 'price': np.float64(8.86)}}"
2025-11-11,991004.3200000018,-6.984919309616089e-10,1192393.0,2183397.3200000017,"{'603306.XSHG': {'total_amount': 4700, 'avg_cost': 52.3, 'price': np.float64(51.74)}, '002544.XSHE': {'total_amount': 15100, 'avg_cost': 28.79, 'price': np.float64(27.69)}, '603978.XSHG': {'total_amount': 7000, 'avg_cost': 34.01, 'price': np.float64(36.88)}, '002326.XSHE': {'total_amount': 10900, 'avg_cost': 22.95, 'price': np.float64(25.04)}}"
2025-11-12,782236.2700000019,-6.984919309616089e-10,1426887.0,2209123.270000002,"{'002544.XSHE': {'total_amount': 15100, 'avg_cost': 28.79, 'price': np.float64(27.37)}, '002213.XSHE': {'total_amount': 35000, 'avg_cost': 27.96, 'price': np.float64(28.96)}}"
2025-11-13,1056878.6600000018,-6.984919309616089e-10,1219878.0,2276756.660000002,"{'002544.XSHE': {'total_amount': 15100, 'avg_cost': 28.79, 'price': np.float64(27.39)}, '002728.XSHE': {'total_amount': 58300, 'avg_cost': 13.32, 'price': np.float64(13.83)}}"
2025-11-14,852815.8000000018,-8.149072527885437e-10,1508818.0,2361633.8000000017,"{'002544.XSHE': {'total_amount': 15100, 'avg_cost': 28.79, 'price': np.float64(27.42)}, '000688.XSHE': {'total_amount': 21600, 'avg_cost': 25.0, 'price': np.float64(25.22)}, '600063.XSHG': {'total_amount': 78800, 'avg_cost': 6.72, 'price': np.float64(6.98)}}"
2025-11-17,559039.0400000018,-8.149072527885437e-10,1891705.0,2450744.040000002,"{'002544.XSHE': {'total_amount': 15100, 'avg_cost': 28.79, 'price': np.float64(27.59)}, '000688.XSHE': {'total_amount': 21600, 'avg_cost': 25.0, 'price': np.float64(27.74)}, '002228.XSHE': {'total_amount': 212600, 'avg_cost': 3.92, 'price': np.float64(4.12)}}"
2025-11-18,597782.6900000017,-9.022187441587448e-10,1775871.0,2373653.690000002,"{'002544.XSHE': {'total_amount': 15100, 'avg_cost': 28.79, 'price': np.float64(27.8)}, '002228.XSHE': {'total_amount': 212600, 'avg_cost': 3.92, 'price': np.float64(3.82)}, '000955.XSHE': {'total_amount': 24300, 'avg_cost': 7.54, 'price': np.float64(8.42)}, '603817.XSHG': {'total_amount': 20900, 'avg_cost': 8.72, 'price': np.float64(8.03)}, '600078.XSHG': {'total_amount': 13900, 'avg_cost': 13.4, 'price': np.float64(12.34)}}"
2025-11-19,2330742.900000002,-9.022187441587448e-10,0.0,2330742.900000002,{}
2025-11-20,69186.640000002,-9.313225746154785e-10,2230140.0,2299326.640000002,"{'001266.XSHE': {'total_amount': 65400, 'avg_cost': 34.57, 'price': np.float64(34.1)}}"
2025-11-21,2214917.370000002,-9.313225746154785e-10,32870.0,2247787.370000002,"{'601208.XSHG': {'total_amount': 1900, 'avg_cost': 17.8, 'price': np.float64(17.3)}}"
2025-11-24,2247497.960000002,-9.313225746154785e-10,0.0,2247497.960000002,{}
2025-11-25,338433.4100000018,-9.313225746154785e-10,1870410.0,2208843.410000002,"{'003009.XSHE': {'total_amount': 15200, 'avg_cost': 55.2, 'price': np.float64(55.45)}, '600629.XSHG': {'total_amount': 48700, 'avg_cost': 21.96, 'price': np.float64(21.1)}}"
2025-11-26,2202033.580000002,-9.313225746154785e-10,0.0,2202033.580000002,{}
2025-11-27,1375285.6300000018,-9.313225746154785e-10,796746.0,2172031.6300000018,"{'002681.XSHE': {'total_amount': 110200, 'avg_cost': 7.5, 'price': np.float64(7.23)}}"
2025-11-28,2170995.8600000017,-9.313225746154785e-10,0.0,2170995.8600000017,{}
2025-12-01,184264.02000000165,-1.0477378964424133e-09,2020511.0,2204775.020000002,"{'002544.XSHE': {'total_amount': 43500, 'avg_cost': 29.0, 'price': np.float64(29.35)}, '600151.XSHG': {'total_amount': 76600, 'avg_cost': 9.46, 'price': np.float64(9.71)}}"
2025-12-02,2227687.120000002,-1.0477378964424133e-09,0.0,2227687.120000002,{}
2025-12-03,2227687.120000002,-1.0477378964424133e-09,0.0,2227687.120000002,{}
2025-12-04,1561963.460000002,-1.0477378964424133e-09,651915.0,2213878.460000002,"{'600783.XSHG': {'total_amount': 43900, 'avg_cost': 15.16, 'price': np.float64(14.85)}}"
2025-12-05,2232760.290000002,-1.0477378964424133e-09,0.0,2232760.290000002,{}
2025-12-08,1572637.310000002,-1.0477378964424133e-09,672525.0,2245162.310000002,"{'002194.XSHE': {'total_amount': 52500, 'avg_cost': 12.57, 'price': np.float64(12.81)}}"
2025-12-09,909653.030000002,-9.313225746154785e-10,1342040.0,2251693.030000002,"{'001309.XSHE': {'total_amount': 2600, 'avg_cost': 223.0, 'price': np.float64(222.7)}, '002163.XSHE': {'total_amount': 48600, 'avg_cost': 15.34, 'price': np.float64(15.7)}}"
2025-12-10,1586254.650000002,-9.313225746154785e-10,652773.0,2239027.6500000022,"{'601566.XSHG': {'total_amount': 45300, 'avg_cost': 15.4, 'price': np.float64(14.41)}}"
2025-12-11,2190675.8800000018,-9.313225746154785e-10,0.0,2190675.8800000018,{}
2025-12-12,2190675.8800000018,-9.313225746154785e-10,0.0,2190675.8800000018,{}
2025-12-15,2190675.8800000018,-9.313225746154785e-10,0.0,2190675.8800000018,{}
2025-12-16,1498244.2100000016,-9.313225746154785e-10,665184.0,2163428.210000002,"{'000825.XSHE': {'total_amount': 135200, 'avg_cost': 5.12, 'price': np.float64(4.92)}}"
2025-12-17,1498244.2100000016,-9.313225746154785e-10,648960.0,2147204.210000002,"{'000825.XSHE': {'total_amount': 135200, 'avg_cost': 5.12, 'price': np.float64(4.8)}}"
2025-12-18,1498244.2100000016,-9.313225746154785e-10,653016.0,2151260.210000002,"{'000825.XSHE': {'total_amount': 135200, 'avg_cost': 5.12, 'price': np.float64(4.83)}}"
2025-12-19,1498244.2100000016,-9.313225746154785e-10,671944.0,2170188.210000002,"{'000825.XSHE': {'total_amount': 135200, 'avg_cost': 5.12, 'price': np.float64(4.97)}}"
2025-12-22,2204420.9800000014,-9.313225746154785e-10,0.0,2204420.9800000014,{}
2025-12-23,171838.40000000142,-8.149072527885437e-10,2063418.0,2235256.4000000013,"{'000796.XSHE': {'total_amount': 93500, 'avg_cost': 7.45, 'price': np.float64(7.13)}, '000505.XSHE': {'total_amount': 70700, 'avg_cost': 8.45, 'price': np.float64(8.51)}, '000551.XSHE': {'total_amount': 57700, 'avg_cost': 12.79, 'price': np.float64(13.78)}}"
2025-12-24,1489107.7200000016,-8.149072527885437e-10,874732.0,2363839.7200000016,"{'000551.XSHE': {'total_amount': 57700, 'avg_cost': 12.79, 'price': np.float64(15.16)}}"
2025-12-25,2449140.0600000015,-8.149072527885437e-10,0.0,2449140.0600000015,{}
2025-12-26,221600.01000000152,-4.656612873077393e-10,2201464.0,2423064.0100000016,"{'000559.XSHE': {'total_amount': 102400, 'avg_cost': 13.51, 'price': np.float64(13.63)}, '002196.XSHE': {'total_amount': 58900, 'avg_cost': 14.32, 'price': np.float64(13.68)}}"
2025-12-29,2516621.6000000015,-4.656612873077393e-10,0.0,2516621.6000000015,{}
2025-12-30,348355.3200000016,-4.656612873077393e-10,2168436.0,2516791.3200000017,"{'000048.XSHE': {'total_amount': 58000, 'avg_cost': 16.56, 'price': np.float64(17.23)}, '000420.XSHE': {'total_amount': 253600, 'avg_cost': 4.76, 'price': np.float64(4.61)}}"
2025-12-31,2513109.4700000016,-4.656612873077393e-10,0.0,2513109.4700000016,{}
